{
  "service": {
    "service": "python-example-vpc",
    "serviceObject": {
      "name": "python-example-vpc"
    },
    "provider": {
      "name": "aws",
      "runtime": "python3.8",
      "vpc": {
        "securityGroupIds": [
          "sg-076568c9b7915fcf5"
        ],
        "subnetIds": [
          "subnet-4d3bff00",
          "subnet-d00de3de"
        ]
      },
      "stage": "dev",
      "region": "us-east-1",
      "versionFunctions": true,
      "compiledCloudFormationTemplate": {
        "AWSTemplateFormatVersion": "2010-09-09",
        "Description": "The AWS CloudFormation template for this Serverless application",
        "Resources": {
          "ServerlessDeploymentBucket": {
            "Type": "AWS::S3::Bucket",
            "Properties": {
              "BucketEncryption": {
                "ServerSideEncryptionConfiguration": [
                  {
                    "ServerSideEncryptionByDefault": {
                      "SSEAlgorithm": "AES256"
                    }
                  }
                ]
              }
            }
          },
          "ServerlessDeploymentBucketPolicy": {
            "Type": "AWS::S3::BucketPolicy",
            "Properties": {
              "Bucket": {
                "Ref": "ServerlessDeploymentBucket"
              },
              "PolicyDocument": {
                "Statement": [
                  {
                    "Action": "s3:*",
                    "Effect": "Deny",
                    "Principal": "*",
                    "Resource": [
                      {
                        "Fn::Join": [
                          "",
                          [
                            "arn:",
                            {
                              "Ref": "AWS::Partition"
                            },
                            ":s3:::",
                            {
                              "Ref": "ServerlessDeploymentBucket"
                            },
                            "/*"
                          ]
                        ]
                      },
                      {
                        "Fn::Join": [
                          "",
                          [
                            "arn:",
                            {
                              "Ref": "AWS::Partition"
                            },
                            ":s3:::",
                            {
                              "Ref": "ServerlessDeploymentBucket"
                            }
                          ]
                        ]
                      }
                    ],
                    "Condition": {
                      "Bool": {
                        "aws:SecureTransport": false
                      }
                    }
                  }
                ]
              }
            }
          },
          "HelloDashvpcLogGroup": {
            "Type": "AWS::Logs::LogGroup",
            "Properties": {
              "LogGroupName": "/aws/lambda/python-example-vpc-dev-hello-vpc"
            }
          },
          "IamRoleLambdaExecution": {
            "Type": "AWS::IAM::Role",
            "Properties": {
              "AssumeRolePolicyDocument": {
                "Version": "2012-10-17",
                "Statement": [
                  {
                    "Effect": "Allow",
                    "Principal": {
                      "Service": [
                        "lambda.amazonaws.com"
                      ]
                    },
                    "Action": [
                      "sts:AssumeRole"
                    ]
                  }
                ]
              },
              "Policies": [
                {
                  "PolicyName": {
                    "Fn::Join": [
                      "-",
                      [
                        "python-example-vpc",
                        "dev",
                        "lambda"
                      ]
                    ]
                  },
                  "PolicyDocument": {
                    "Version": "2012-10-17",
                    "Statement": [
                      {
                        "Effect": "Allow",
                        "Action": [
                          "logs:CreateLogStream",
                          "logs:CreateLogGroup"
                        ],
                        "Resource": [
                          {
                            "Fn::Sub": "arn:${AWS::Partition}:logs:${AWS::Region}:${AWS::AccountId}:log-group:/aws/lambda/python-example-vpc-dev*:*"
                          }
                        ]
                      },
                      {
                        "Effect": "Allow",
                        "Action": [
                          "logs:PutLogEvents"
                        ],
                        "Resource": [
                          {
                            "Fn::Sub": "arn:${AWS::Partition}:logs:${AWS::Region}:${AWS::AccountId}:log-group:/aws/lambda/python-example-vpc-dev*:*:*"
                          }
                        ]
                      }
                    ]
                  }
                }
              ],
              "Path": "/",
              "RoleName": {
                "Fn::Join": [
                  "-",
                  [
                    "python-example-vpc",
                    "dev",
                    {
                      "Ref": "AWS::Region"
                    },
                    "lambdaRole"
                  ]
                ]
              },
              "ManagedPolicyArns": [
                {
                  "Fn::Join": [
                    "",
                    [
                      "arn:",
                      {
                        "Ref": "AWS::Partition"
                      },
                      ":iam::aws:policy/service-role/AWSLambdaVPCAccessExecutionRole"
                    ]
                  ]
                }
              ]
            }
          },
          "HelloDashvpcLambdaFunction": {
            "Type": "AWS::Lambda::Function",
            "Properties": {
              "Code": {
                "S3Bucket": {
                  "Ref": "ServerlessDeploymentBucket"
                },
                "S3Key": "serverless/python-example-vpc/dev/1644883069046-2022-02-14T23:57:49.046Z/python-example-vpc.zip"
              },
              "Handler": "handler.hello",
              "Runtime": "python3.8",
              "FunctionName": "python-example-vpc-dev-hello-vpc",
              "MemorySize": 1024,
              "Timeout": 6,
              "Role": {
                "Fn::GetAtt": [
                  "IamRoleLambdaExecution",
                  "Arn"
                ]
              },
              "VpcConfig": {
                "SecurityGroupIds": {
                  "$ref": "$[\"service\"][\"provider\"][\"vpc\"][\"securityGroupIds\"]"
                },
                "SubnetIds": {
                  "$ref": "$[\"service\"][\"provider\"][\"vpc\"][\"subnetIds\"]"
                }
              }
            },
            "DependsOn": [
              "HelloDashvpcLogGroup"
            ]
          },
          "HelloDashvpcLambdaVersionKhP1uuojVtF1oWZOyNYDmpiYw6Yhfp9mtWc1L7PYvc": {
            "Type": "AWS::Lambda::Version",
            "DeletionPolicy": "Retain",
            "Properties": {
              "FunctionName": {
                "Ref": "HelloDashvpcLambdaFunction"
              },
              "CodeSha256": "OEpGNNbxboGahnSi1ieNDEQZBU/3fBZaxqt/AIaYyMw="
            }
          }
        },
        "Outputs": {
          "ServerlessDeploymentBucketName": {
            "Value": {
              "Ref": "ServerlessDeploymentBucket"
            },
            "Export": {
              "Name": "sls-python-example-vpc-dev-ServerlessDeploymentBucketName"
            }
          },
          "HelloDashvpcLambdaFunctionQualifiedArn": {
            "Description": "Current Lambda function version",
            "Value": {
              "Ref": "HelloDashvpcLambdaVersionKhP1uuojVtF1oWZOyNYDmpiYw6Yhfp9mtWc1L7PYvc"
            },
            "Export": {
              "Name": "sls-python-example-vpc-dev-HelloDashvpcLambdaFunctionQualifiedArn"
            }
          }
        }
      },
      "coreCloudFormationTemplate": {
        "AWSTemplateFormatVersion": "2010-09-09",
        "Description": "The AWS CloudFormation template for this Serverless application",
        "Resources": {
          "ServerlessDeploymentBucket": {
            "Type": "AWS::S3::Bucket",
            "Properties": {
              "BucketEncryption": {
                "ServerSideEncryptionConfiguration": [
                  {
                    "ServerSideEncryptionByDefault": {
                      "SSEAlgorithm": "AES256"
                    }
                  }
                ]
              }
            }
          },
          "ServerlessDeploymentBucketPolicy": {
            "Type": "AWS::S3::BucketPolicy",
            "Properties": {
              "Bucket": {
                "Ref": "ServerlessDeploymentBucket"
              },
              "PolicyDocument": {
                "Statement": [
                  {
                    "Action": "s3:*",
                    "Effect": "Deny",
                    "Principal": "*",
                    "Resource": [
                      {
                        "Fn::Join": [
                          "",
                          [
                            "arn:",
                            {
                              "Ref": "AWS::Partition"
                            },
                            ":s3:::",
                            {
                              "Ref": "ServerlessDeploymentBucket"
                            },
                            "/*"
                          ]
                        ]
                      },
                      {
                        "Fn::Join": [
                          "",
                          [
                            "arn:",
                            {
                              "Ref": "AWS::Partition"
                            },
                            ":s3:::",
                            {
                              "Ref": "ServerlessDeploymentBucket"
                            }
                          ]
                        ]
                      }
                    ],
                    "Condition": {
                      "Bool": {
                        "aws:SecureTransport": false
                      }
                    }
                  }
                ]
              }
            }
          }
        },
        "Outputs": {
          "ServerlessDeploymentBucketName": {
            "Value": {
              "Ref": "ServerlessDeploymentBucket"
            }
          }
        }
      }
    },
    "pluginsData": {},
    "functions": {
      "hello-vpc": {
        "handler": "handler.hello",
        "events": [],
        "name": "python-example-vpc-dev-hello-vpc",
        "package": {},
        "memory": 1024,
        "timeout": 6,
        "runtime": "python3.8",
        "vpc": {},
        "versionLogicalId": "HelloDashvpcLambdaVersionKhP1uuojVtF1oWZOyNYDmpiYw6Yhfp9mtWc1L7PYvc"
      }
    },
    "configValidationMode": "warn",
    "serviceFilename": "serverless.yml",
    "initialServerlessConfig": {
      "service": "python-example-vpc",
      "frameworkVersion": "3",
      "provider": {
        "$ref": "$[\"service\"][\"provider\"]"
      },
      "functions": {
        "$ref": "$[\"service\"][\"functions\"]"
      }
    },
    "layers": {},
    "isDashboardMonitoringPreconfigured": false,
    "artifact": "/Users/paulodichone/Documents/WebDev/AWS-Serverless/python-example-vpc/.serverless/python-example-vpc.zip"
  },
  "package": {
    "artifactDirectoryName": "serverless/python-example-vpc/dev/1644883069046-2022-02-14T23:57:49.046Z",
    "artifact": "python-example-vpc.zip"
  }
}